Left_Mean,Right_Mean,Left_STD,Right_STD,Symmetry,Balance,Left_Range,Right_Range,Total_Pressure,Force_Variation,Walking_Speed,Stride_Length,Step_Variability,Segment_ID,Stage,Random_Forest_Predicted,Logistic_Regression_Predicted,Decision_Tree_Predicted,SVM_Predicted
85.2951,90.468675,56.298504744708815,44.95764886528627,5.173575,0.9428135271337259,271.59000000000003,155.65,1406.1102,6.20418294056519,38.774718883288095,0.025789986426322933,3.1495918367347158,0,1,Early,Early,Early,Early
43.94389999999999,111.47262500000001,61.264382721855604,89.35658392283904,67.52872500000001,0.3942124450543399,303.38,376.42,1243.3322,98.96371165816288,53.07097221938723,0.018842685060505748,6.9389795918367065,1,1,Early,Early,Early,Early
53.174,95.83914999999999,94.00419636111997,97.81085229041561,42.66514999999999,0.5548253970506419,381.37,417.56,1192.1052,143.29338793175347,30.611620171016916,0.03266731155512563,20.850612244897956,2,1,Early,Early,Early,Normal
126.29375,2.6587,101.6356343928521,3.2687052956790095,123.63505,47.50189001433026,381.04,31.57,1031.6196,50.727023329188164,46.937817595559274,0.02130477334575072,7.659591836734693,3,2,Mild,Mild,Mild,Mild
20.5392,116.99600000000001,60.57639143148096,82.23896660646946,96.45680000000002,0.17555470481429236,362.78,331.76,1100.2816,107.49467265609029,40.823824784144044,0.024495487752256115,20.933673469387745,4,1,Early,Early,Early,Early
81.12719999999999,58.20017500000001,99.7173813593197,106.17562000864123,22.92702499999998,1.3939337134409449,418.88,426.36,1114.6190000000001,155.69631166151626,32.65239484908473,0.030625605858996326,22.5634693877551,5,0,Normal,Normal,Normal,Normal
83.8453,48.95055,106.52029135995639,94.47458209326729,34.894749999999995,1.7128568089925833,488.84,460.57,1062.3668,137.7328280032034,42.856268239423706,0.023333798412476937,19.75285714285714,6,0,Normal,Normal,Normal,Normal
2.2665500000000005,128.7495,19.790156823469086,115.43498807229116,126.48295000000002,0.01760433884369735,287.98,376.86,1048.1284,82.45427473115026,46.947398501765626,0.02130042552155412,12.490612244897953,7,1,Early,Early,Early,Early
121.16225,13.4167,92.53941537765138,46.227265943488376,107.74555,9.030697540604217,432.41,325.82,1076.6316,143.65088328806056,34.69316952715249,0.02882410069170549,15.878163265306119,8,0,Normal,Normal,Normal,Normal
39.902224999999994,91.20155000000001,80.56629254098375,113.80355187162438,51.29932500000002,0.43751691308789004,341.11,460.57,1048.8302,129.25608251049542,44.89704291749146,0.022273171694012876,27.699795918367336,9,0,Normal,Normal,Early,Normal
60.408150000000006,84.06282500000002,97.13242624673543,106.72741933200378,23.65467500000001,0.7186070990824898,368.17,474.98,1155.7678,137.43728832147409,24.494294870486392,0.040825799311833944,21.59816326530612,10,1,Normal,Normal,Normal,Normal
107.9155,22.075625000000006,98.42147375827086,67.16951868674789,85.83987499999999,4.888443752580615,439.67,371.47,1039.929,88.24502830754831,22.44852145874573,0.04454632313970626,16.313673469387748,11,0,Normal,Normal,Normal,Normal
1.429725,129.683125,13.722984958615053,95.57774880946074,128.2534,0.01102475661156711,249.26,415.14,1048.9028,45.29043581331493,46.94739850176567,0.021300425521554103,11.161632653061222,12,3,Severe,Severe,Severe,Early
117.48495000000001,15.780874999999998,89.95409402577239,57.710538274949194,101.70407500000002,7.444763078876757,363.0,420.42,1066.1265999999998,178.03677407333578,26.530070814881366,0.03769304792842462,20.870816326530615,13,0,Normal,Normal,Normal,Normal
42.0365,88.533775,81.47545382966578,91.64972331654566,46.49727500000001,0.4748074421532977,324.28,369.05,1044.5622,104.72808674448319,42.85626823942374,0.023333798412476917,18.35877551020408,14,1,Early,Early,Early,Normal
67.300475,70.82377500000001,94.1138880427558,105.80955381485819,3.523300000000006,0.9502524469710281,376.09,435.16,1104.994,164.06683307725547,24.49429487048644,0.040825799311833874,24.592857142857156,15,0,Normal,Normal,Normal,Normal
92.61285,36.167725,88.82673926176453,79.68095926301575,56.445125,2.5606483237061983,343.86,388.85,1030.2446,125.56630237782748,32.6523948490847,0.030625605858996353,19.137755102040813,16,0,Normal,Normal,Normal,Normal
5.66885,126.740625,33.370555302204664,95.26897850748361,121.07177499999999,0.0447279595845484,334.07,389.95,1059.2758000000001,91.74930413011316,32.6523948490847,0.030625605858996353,15.384285714285713,17,1,Early,Early,Early,Early
122.38957500000001,7.0169,85.29775412089919,32.49558179799216,115.37267500000002,17.442089894269703,362.12,308.22,1035.2518,143.65791434780056,34.70025106652239,0.028818218342224533,13.455918367346941,18,0,Normal,Normal,Normal,Normal
24.56795,108.5293,65.81906975791667,94.4493372290669,83.96135000000001,0.2263715672752365,304.04,396.77,1064.7779999999998,103.16170413481937,38.77471888328808,0.025789986426322947,18.24877551020409,19,1,Early,Early,Early,Early
76.91145,56.116775000000004,89.88110143627246,105.41569912896928,20.794674999999998,1.370560519459552,349.8,394.02,1064.2258,172.52416873110852,34.69316952715249,0.02882410069170549,25.70183673469387,20,0,Normal,Normal,Normal,Normal
73.32655,51.508325000000006,90.82720475770186,95.07426322851192,21.81822499999999,1.4235861050449405,326.26,447.26,998.679,157.7898407661279,42.86501602335119,0.023329036509982637,18.66408163265307,21,0,Normal,Normal,Normal,Normal
8.394924999999999,126.90810000000002,40.154394740730126,102.89571812709215,118.51317500000002,0.06614963377832983,341.99,377.74,1082.4242,93.85636609394166,26.530070814881316,0.03769304792842469,12.10897959183676,22,1,Early,Early,Early,Early
119.84719999999997,4.992625,81.76897775538104,24.093402060717267,114.85457499999997,24.004799069028675,351.56,221.98,998.7186000000002,95.70750704119295,30.611620171016906,0.032667311555125644,12.504081632653067,23,2,Mild,Mild,Mild,Mild
27.073475,106.65875,67.97219831794743,86.66293745850933,79.585275,0.2538326434696972,320.21,334.4,1069.8578,98.78910946637794,46.94739850176558,0.02130042552155414,20.248979591836722,24,1,Early,Early,Early,Early
67.86642499999999,70.27707500000001,98.73171690733113,112.10527960446097,2.410650000000018,0.9656977804358274,397.32,402.82,1105.1480000000001,127.72622325896901,30.611620171016906,0.032667311555125644,21.27489795918367,25,0,Normal,Normal,Normal,Normal
102.764475,30.1367,93.41984280507208,70.34176650191549,72.627775,3.4099433879809706,403.37,339.35,1063.2094,128.10270016529708,30.611620171016906,0.032667311555125644,20.644081632653066,26,0,Normal,Normal,Normal,Normal
0.41745,133.19872500000002,4.749692463465397,87.33019379415332,132.78127500000002,0.0031340387729658237,88.88,428.78,1068.9294,30.675662823156742,57.15335469780158,0.017496779465435923,6.3463265306122505,27,3,Severe,Severe,Severe,Early
121.116875,18.543800000000005,95.68888547257917,63.88684076599812,102.57307499999999,6.531391067962838,376.09,432.19,1117.2854,121.49798726250572,36.73394420522028,0.027222762654020762,14.816326530612239,28,0,Normal,Normal,Normal,Normal
48.198150000000005,88.51700000000001,101.25336777894105,91.78913336555695,40.318850000000005,0.544507208275562,503.14,410.08,1093.7212,158.65338070952035,38.77471888328808,0.025789986426322947,26.53693877551021,29,0,Normal,Normal,Normal,Normal
51.601825,89.744875,91.82871424243822,105.98311214992876,38.143049999999995,0.5749834656314953,378.73,359.7,1130.7736000000002,112.98863861043728,26.53548610969369,0.03768535562664942,17.523673469387752,30,1,Early,Early,Early,Normal
104.40457500000001,21.956550000000004,87.85070923629117,67.76933408701534,82.448025,4.755051565454697,339.13,404.69,1010.8889999999999,151.94113334117262,22.448521458745812,0.0445463231397061,21.155918367346935,31,0,Normal,Normal,Normal,Normal
0.39269999999999994,133.3893,2.2098370324528456,93.2543165945148,132.9966,0.0029440140293101446,22.88,408.21,1070.2559999999999,48.46744800378909,53.07097221938719,0.018842685060505765,7.560816326530608,32,3,Severe,Severe,Severe,Severe
117.2391,21.127975000000003,93.57109889645413,68.71024262182004,96.11112499999999,5.548995798700159,408.1,417.56,1106.9366,145.01822356669524,32.65239484908458,0.030625605858996464,23.28632653061225,33,0,Normal,Normal,Normal,Normal
52.9903,84.28337499999999,96.09876551709705,95.16869227250827,31.293074999999995,0.6287158495117395,434.83,420.64,1098.1894,139.57804114415705,40.81549356135572,0.024500487749756227,22.812653061224488,34,0,Normal,Normal,Normal,Normal
45.98715,96.12129999999999,87.52637069979252,108.72459296226405,50.13414999999999,0.47842824863706085,370.81,420.42,1136.8676,119.32931082613358,24.494294870486303,0.040825799311834096,20.985306122448982,35,1,Early,Early,Early,Normal
115.739525,13.057274999999997,88.72147741964386,56.22323223832275,102.68225000000001,8.863980911805175,391.27,410.08,1030.3744,138.98794208362105,14.285422746474504,0.07000132856953091,18.89530612244897,36,0,Normal,Normal,Normal,Normal
2.12465,135.19357499999998,11.345240648725792,81.3263091162348,133.06892499999998,0.0157156125418229,148.72,406.34,1098.5458,49.41175653991668,48.978592273626866,0.020417074826218906,8.775306122448965,37,3,Severe,Severe,Severe,Early
105.22875,33.051425,92.34460129827569,87.7320786070829,72.177325,3.1837876328213883,373.45,452.32,1106.2413999999999,159.38252348372455,28.576677348900688,0.03499354643318128,22.54102040816327,38,0,Normal,Normal,Normal,Normal
61.62254999999999,70.103,93.11702799164877,92.68802576115213,8.480450000000005,0.8790285894999372,327.58,396.77,1053.8044,139.8976089882883,46.93781759555908,0.021304773345750806,25.80734693877551,39,0,Normal,Normal,Normal,Normal
38.93285,105.307675,82.49759505511358,104.947646116263,66.374825,0.36970568672172405,360.36,455.18,1153.9242000000002,142.35422497544639,24.489296136813433,0.04083413263822297,23.508571428571415,40,1,Early,Early,Early,Early
119.61262500000001,6.986650000000001,88.85497742309867,39.70846648735632,112.62597500000001,17.120143960061032,384.01,369.05,1012.7941999999999,95.25300925619096,14.288338674450447,0.06998704287565286,13.175306122448992,41,0,Normal,Normal,Normal,Normal
4.979425,128.99452499999998,24.21388500260491,88.15272371443989,124.01509999999998,0.0386018291395058,277.86,435.6,1071.7916,66.49610239284706,53.060141629762825,0.018846531212872553,11.810408163265311,42,1,Early,Early,Early,Early
109.66697500000002,28.156975,86.11238708280811,83.78649214879074,81.51000000000002,3.894840836119351,370.81,472.12,1102.5916,171.53802942041744,30.611620171017016,0.032667311555125526,23.019183673469385,43,0,Normal,Normal,Normal,Normal
54.687875000000005,79.27974999999999,95.2703621790868,93.37020563561751,24.591874999999987,0.6898087860003613,408.21,381.37,1071.741,134.94395832715153,40.823824784144136,0.02449548775225606,22.511836734693887,44,0,Normal,Normal,Normal,Normal
36.424575000000004,106.31994999999999,82.67915570335352,111.28486227918647,69.89537499999999,0.3425939494333896,381.37,356.95,1141.9561999999999,122.6619486538511,26.530070814881412,0.03769304792842455,17.84918367346939,45,1,Early,Early,Early,Early
123.95955,3.4839749999999996,93.19072113573057,28.93745754985008,120.47557499999999,35.579817364311275,377.84999999999997,371.47,1019.5482000000001,73.91347792358307,48.97859227362722,0.020417074826218757,13.949795918367338,46,0,Normal,Normal,Normal,Normal
9.408025,127.51942500000001,40.52732901203058,84.48987979586298,118.11140000000002,0.07377718541491342,367.51,396.77,1095.4196000000002,111.66744855973026,22.453103631279276,0.04453723223887966,13.550204081632662,47,1,Early,Early,Early,Early
97.03595000000001,42.13495000000001,94.9396607698674,96.62195864034997,54.901,2.3029795210438073,365.64,443.85,1113.3672,149.4202008704312,28.570845492949214,0.03500068928522183,21.40510204081632,48,0,Normal,Normal,Normal,Normal
63.31105,70.8125,90.08813588868126,90.42076996326674,7.501449999999998,0.8940658931592737,358.05,386.32,1072.9884000000002,138.5684860617305,44.897042917491625,0.022273171694012796,25.176530612244903,49,0,Normal,Normal,Normal,Normal
35.518725,106.162925,80.66393543662728,102.49640445007998,70.6442,0.3345680392125557,368.17,382.25,1133.4532000000002,137.06364008649413,26.53548610969369,0.03768535562664942,22.332244897959175,50,1,Early,Early,Early,Early
124.12290000000002,2.15875,80.54373425406845,19.212202839276397,121.96415000000002,57.497313272434184,347.6,263.45,1010.2532000000001,56.08303862809148,61.22324034203403,0.016333661222112876,11.511836734693867,51,2,Mild,Mild,Mild,Normal
12.778975,127.9938,45.17355252467283,82.15158792780575,115.21482499999999,0.09984057041508493,302.72,326.7,1126.1822,87.48090105365857,30.617868588108102,0.032660644892903316,16.008367346938773,52,1,Early,Early,Early,Early
96.29455000000002,48.557575,96.41682386024495,91.28654060358174,47.736975000000015,1.9831000656231155,331.54,349.8,1158.817,144.0826932736892,26.530070814881412,0.03769304792842455,26.00489795918368,53,0,Normal,Normal,Normal,Normal
99.21779999999998,57.04765,73.64294041630875,70.23074000021286,42.170149999999985,1.739208935125472,297.88,349.25,1250.1236000000001,62.63179207910311,59.18246566396623,0.016896890725210043,11.029183673469385,54,1,Early,Early,Normal,Early
40.9211,116.11654999999999,59.86615061777398,92.85132898132099,75.19545,0.3524139881512164,368.17,378.95,1256.3012,61.28356914018634,38.78263354493693,0.02578472327119821,8.467755102040822,55,1,Early,Early,Early,Early
128.741525,17.705325,128.27269418283993,38.13750695698887,111.0362,7.271340813376308,458.48,275.77,1171.5747999999999,78.55619772468626,24.48929613681361,0.04083413263822267,12.726326530612257,56,0,Normal,Normal,Mild,Normal
8.058050000000001,135.17542500000002,16.674349183626326,104.80848257330784,127.11737500000001,0.05961179263081343,113.41,425.7,1145.8678,49.89650193310147,28.570845492949214,0.03500068928522183,7.533877551020415,57,3,Severe,Severe,Severe,Early
82.9103,61.3701,87.08704669128468,101.23926668042395,21.540200000000006,1.3509882905538217,334.07,399.85,1154.2432000000001,115.54672408060735,28.576677348900894,0.034993546433181026,17.40469387755101,58,0,Normal,Normal,Normal,Normal
87.132375,44.92125,88.92408163208307,89.20302567142832,42.211124999999996,1.9396689896944117,311.74,426.03,1056.4289999999999,140.57996772300098,38.774718883288216,0.025789986426322853,24.05183673469387,59,0,Normal,Normal,Normal,Normal
17.30465,123.275075,65.32916120981119,98.74488757143011,105.970425,0.14037426946410134,427.02,449.57,1124.6378,160.4605294929566,18.36697210261021,0.05444549506056087,22.015714285714285,60,1,Early,Early,Early,Early
125.53914999999999,1.1063250000000002,88.00586244550699,6.716204191682604,124.432825,113.47299868484677,375.87,80.3,1013.1637999999999,62.345294927203625,44.90620726255855,0.022268626241533467,11.040408163265312,61,2,Mild,Mild,Mild,Mild
27.176599999999997,109.21349999999998,80.41000875786546,91.30636205243313,82.03689999999999,0.24883917749736273,451.55,399.41,1091.1208,118.13384442808928,38.774718883288216,0.025789986426322853,20.78326530612246,62,1,Early,Early,Early,Normal
82.072925,55.71445,96.06965095280806,104.13946355343636,26.358475,1.4730991738948918,405.46,411.62,1102.299,172.0633238345697,30.611620171017016,0.032667311555125526,25.531224489795928,63,0,Normal,Normal,Normal,Normal
73.55590000000001,57.330625,89.22705948416096,98.98241783195323,16.22527500000001,1.2830121278091549,328.24,471.13,1047.0922,160.036233138499,42.86501602335166,0.023329036509982384,24.646734693877544,64,0,Normal,Normal,Normal,Normal
28.723200000000002,108.92915,80.52096141229313,107.15398398229298,80.20595,0.2636869686684447,427.02,423.39,1101.2188,164.38941576196444,26.530070814881604,0.037693047928424275,25.742244897959182,65,1,Early,Early,Early,Normal
116.37560000000002,4.940925,90.0081977663146,37.42037125543218,111.43467500000003,23.553355791970553,363.0,455.18,970.5322,105.26239395510629,26.530070814881604,0.037693047928424275,17.912040816326538,66,0,Normal,Normal,Normal,Normal
5.5649,131.917225,26.49613041540217,91.70385486199244,126.35232500000001,0.04218478351217716,282.37,463.21,1099.8570000000002,120.0985929184851,28.576677348900894,0.034993546433181026,12.99571428571428,67,1,Early,Early,Early,Early
103.42365,33.157575,89.26913820675934,87.52740335386041,70.266075,3.1191550892503175,368.17,432.19,1092.6498000000001,181.51397638187535,38.77471888328794,0.02578998642632304,23.818367346938764,68,0,Normal,Normal,Normal,Normal
49.83604999999999,81.1569,86.3764598423523,105.5781665184142,31.32085,0.6140703237715679,322.19,460.57,1047.9435999999998,165.33220958736382,38.77471888328794,0.02578998642632304,26.02510204081633,69,0,Normal,Normal,Normal,Normal
49.923775,92.257,92.75876521924694,106.47515159416304,42.333225000000006,0.5411380121683977,373.45,414.59,1137.4461999999999,124.65862601344521,28.576677348900894,0.034993546433181026,20.74734693877552,70,1,Early,Early,Early,Normal
107.126525,20.321949999999998,87.19152116275053,67.81596394063494,86.804575,5.2714661873165785,318.56,418.0,1019.5878,133.88732318319015,20.407746780678156,0.04900095099904849,20.976326530612248,71,0,Normal,Normal,Normal,Normal
2.4887500000000005,133.518275,20.68631361401784,98.0488369654346,131.02952499999998,0.01863976907732151,280.39,440.0,1088.0561999999998,76.82700222942452,48.98858974097296,0.020412908161288212,11.967551020408164,72,1,Early,Early,Early,Early
118.594025,13.268749999999997,86.07726683073398,53.29224701996998,105.325275,8.937837823579597,365.64,429.33,1054.9022,163.99400678427244,36.733944205220155,0.02722276265402086,14.019387755102033,73,0,Normal,Normal,Normal,Normal
32.36035,103.01445,76.81209310308827,97.82805086322378,70.6541,0.31413405457835725,310.09,436.59,1082.9984,145.66400719958241,42.85626823942351,0.02333379841247704,23.7308163265306,74,1,Early,Early,Early,Early
65.4346,76.68512500000001,96.58953528897425,110.47730104408043,11.25052500000001,0.8532892326524559,381.37,443.85,1136.9578000000001,109.4087637676251,28.576677348900894,0.034993546433181026,17.705510204081644,75,0,Normal,Normal,Normal,Normal
91.2659,39.843374999999995,91.88260420063202,85.42194093357617,51.42252500000001,2.290616121095133,374.55,415.36,1048.8742000000002,150.60398082507643,34.69316952715287,0.028824100691705174,22.653265306122446,76,0,Normal,Normal,Normal,Normal
4.219600000000001,131.83005,28.555240540748382,94.3495311699931,127.61045,0.032007874380092075,313.61,446.71,1088.3972,69.53762296886484,51.019366951695396,0.019600392159842932,11.269387755102047,77,1,Early,Early,Early,Early
122.83865,7.89525,93.98817536093304,37.547465060074295,114.9434,15.558531321324441,425.15,382.25,1045.8712,115.16800977076927,30.617868588108102,0.032660644892903316,11.68469387755102,78,0,Normal,Normal,Normal,Normal
28.122049999999998,107.06135000000002,83.43733092146164,90.3611347714132,78.93930000000002,0.2626722656988478,463.21,412.72,1081.4672,144.33953581801487,38.77471888328794,0.02578998642632304,24.552448979591826,79,1,Early,Early,Early,Normal
84.82787500000002,53.09947499999999,97.81111246803388,107.36734193866576,31.72840000000003,1.5975272641533158,391.93,472.12,1103.4188,153.00392946117432,34.693169527152364,0.028824100691705594,25.445918367346938,80,0,Normal,Normal,Normal,Normal
67.37280000000001,62.92549999999999,98.71368587313515,97.74550437360278,4.44730000000002,1.0706754700915417,398.53,449.9,1042.3864,161.17247531461445,40.823824784144136,0.02449548775225606,22.996734693877546,81,0,Normal,Normal,Normal,Normal
29.407674999999998,110.1815,76.66116439139425,103.97387031485361,80.773825,0.2669020872921418,373.45,352.66,1116.7133999999999,126.27034762936229,30.611620171017236,0.03266731155512529,18.836938775510205,82,1,Early,Early,Early,Early
118.41445,3.5760999999999994,84.84865668764297,28.817154323249895,114.83835,33.112641948933344,364.32,366.52,975.9244,85.40624406119264,32.652394849085056,0.03062560585899602,14.333673469387762,83,0,Normal,Normal,Normal,Normal
7.150550000000001,129.15705000000003,31.112203477052216,87.29677454120227,122.00650000000003,0.05536321436861445,277.86,386.32,1090.4608,83.44020845707422,42.865016023351345,0.02332903650998255,13.175306122448973,84,1,Early,Early,Early,Early
96.243675,41.75325000000001,96.28821045042002,97.73457747868713,54.49042499999999,2.305057736809053,370.81,446.71,1103.9753999999998,123.48595298591658,32.65239484908458,0.030625605858996464,19.37122448979591,85,0,Normal,Normal,Normal,Normal
59.91672500000001,74.386675,95.20276889893684,95.03278312084927,14.46994999999999,0.8054764774099021,422.73,420.64,1074.4272,144.88637001512598,40.81549356135572,0.024500487749756227,24.435714285714283,86,0,Normal,Normal,Normal,Normal
47.720200000000006,92.27377499999999,91.52491896997233,108.29817178281161,44.55357499999998,0.517158800844682,384.01,432.19,1119.9518,136.0739159970051,26.53548610969369,0.03768535562664942,23.32897959183673,87,1,Early,Early,Early,Normal
100.13932499999999,23.499025000000003,86.9312747306421,73.95367317989943,76.64029999999998,4.261422862683509,341.44,457.82,989.1068,182.04032059343336,20.40774678067786,0.049000950999049206,27.024081632653058,88,0,Normal,Normal,Normal,Normal
0.30745,133.67475000000002,2.5050745492899003,93.50934561014476,133.36730000000003,0.002299985427316271,41.8,386.87,1071.8575999999998,61.81709671474389,51.01936695169466,0.019600392159843216,8.65408163265306,89,3,Severe,Severe,Severe,Severe
118.90450000000001,17.9201,92.00586372753641,61.50627321249435,100.98440000000001,6.635255029126496,391.93,391.05,1094.5968,151.51206678598246,28.576677348900482,0.03499354643318153,19.874081632653063,90,0,Normal,Normal,Normal,Normal
40.487975,94.409425,82.12378311822572,92.25091851531548,53.92145,0.4288551774512791,346.17,418.0,1079.1792,148.80048006427933,40.81549356135572,0.024500487749756227,24.790408163265298,91,1,Early,Early,Early,Normal
62.316100000000006,79.74945,94.47286808544557,109.80977862511835,17.43334999999999,0.7813983944217303,363.0,414.59,1136.5244,116.19931617974352,24.49429487048648,0.0408257993118338,20.179387755102063,92,1,Normal,Normal,Normal,Normal
95.8408,40.174475,99.3133086618304,87.52504957567504,55.666325,2.38561365503503,474.87,441.87,1088.1222000000002,170.35487519046822,34.693169527152364,0.028824100691705594,26.191224489795907,93,0,Normal,Normal,Normal,Normal
6.997925,128.604025,36.71759650963519,104.27521705107775,121.60610000000001,0.05441450573459845,349.8,369.15999999999997,1084.8156,108.88788145904942,32.65239484908458,0.030625605858996464,14.421224489795916,94,1,Early,Early,Early,Early
124.40450000000001,6.49055,84.75750173141019,30.782739891008724,117.91395000000001,19.166990213479274,380.49,287.43,1047.1604,127.56388029469785,34.700251066522014,0.028818218342224845,12.652244897959191,95,2,Mild,Mild,Mild,Normal
24.8039,113.91435000000001,69.57899987632761,86.922913026874,89.11045000000001,0.217741643810315,350.9,394.13,1109.746,139.60759542374478,40.81549356135572,0.024500487749756227,25.14510204081634,96,1,Early,Early,Early,Early
79.34135,62.645,96.66882761096,106.19545418001658,16.696350000000002,1.266523063848182,370.81,399.85,1135.8908000000001,134.1611067312729,28.570845492949008,0.035000689285222084,20.28489795918367,97,0,Normal,Normal,Normal,Normal
83.83155,49.5737,94.12023861846878,93.48084743309722,34.25784999999999,1.6910485416564542,398.53,402.05,1067.242,139.98723950417764,42.865016023351345,0.02332903650998255,21.73285714285713,98,0,Normal,Normal,Normal,Normal
12.468775,128.93925,50.58651043756008,97.93454591683927,116.470475,0.09670270327284336,360.36,408.65,1131.2642,135.7634532720791,16.32619742454229,0.06125117343603346,16.3473469387755,99,1,Early,Early,Early,Early
121.993025,3.9179250000000003,86.8272297156795,21.31230801542562,118.0751,31.13707220768083,340.78000000000003,255.86,1007.2875999999998,81.68121342291629,26.53007081488122,0.037693047928424823,11.585918367346947,100,2,Mild,Mild,Mild,Normal
34.287825,101.02922500000001,77.97153301378249,93.09371956877314,66.74140000000001,0.3393851789533989,323.07,399.41,1082.5364,126.1526588187502,40.82382478414355,0.024495487752256413,21.910204081632646,101,1,Early,Early,Early,Early
70.15690000000001,72.417125,95.32668168403849,102.29930176929057,2.2602249999999913,0.968788671355198,365.64,402.82,1140.5922,148.52275194447483,26.53007081488122,0.037693047928424823,24.274081632653072,102,0,Normal,Normal,Normal,Normal
102.92892499999999,30.2885,83.9421025653657,68.03202962392054,72.640425,3.398282880207709,323.07,359.15,1065.7394,109.93828414906247,26.53007081488122,0.037693047928424823,20.40163265306123,103,0,Normal,Normal,Normal,Normal
18.4822,124.76255,40.58318249792641,95.58677386802789,106.28035,0.14813899297994526,267.41,405.79,1145.9579999999999,97.39024298152253,26.53548610969369,0.03768535562664942,14.638979591836742,104,1,Early,Early,Early,Early
140.46669999999997,2.1221750000000004,88.91663851951445,8.998287060289586,138.34452499999998,66.18965830028954,322.85,96.69,1140.711,19.19613463695232,48.978592273626866,0.020417074826218906,5.661632653061254,105,2,Mild,Mild,Mild,Mild
57.944424999999995,96.525,60.973004310673225,71.552894242651,38.58057500000001,0.6003047811132057,300.85,308.22,1235.7554,48.30156495228699,40.81549356135572,0.024500487749756227,10.281632653061234,106,1,Early,Early,Early,Early
55.25355,104.31299999999999,72.78884580344368,75.8996807601982,49.05944999999999,0.5296899207490993,355.08,299.31,1276.5324,102.475899304373,44.90620726255855,0.022268626241533467,13.202244897959176,107,1,Early,Early,Early,Early
112.977975,32.499500000000005,87.77040013096314,57.13056610300654,80.478475,3.476297796489854,355.08,306.24,1163.8198,76.47303698663994,28.57084549294942,0.03500068928522158,13.440204081632656,108,0,Normal,Early,Normal,Normal
8.71585,135.435575,35.34522693769981,99.7458661156911,126.719725,0.0643542094199246,305.91,426.58,1153.2114,88.66861345504392,32.652394849085056,0.03062560585899602,15.492040816326524,109,1,Early,Early,Early,Early
123.64659999999999,8.742525,98.11688038986972,37.63053207004088,114.90407499999999,14.143106089938444,393.90999999999997,364.54,1059.113,89.97018351098326,14.288338674450447,0.06998704287565286,10.656530612244888,110,0,Normal,Normal,Normal,Normal
39.887100000000004,94.61319999999999,91.49451815868531,93.8639649346862,54.72609999999999,0.4215806651100835,444.62,394.13,1076.0024000000003,129.36926428731053,42.85626823942351,0.02333379841247704,21.96408163265305,111,0,Early,Early,Early,Normal
62.731899999999996,76.413975,106.445977570268,109.57279090837001,13.682074999999998,0.8209478932423169,472.23,411.62,1113.167,118.336423813634,30.617868588108102,0.032660644892903316,20.913469387755097,112,0,Normal,Normal,Normal,Normal
89.8238,35.185425,91.43816404029556,86.36597128973526,54.638375,2.552868821999785,330.33,428.67,1000.0738,145.32316957581125,30.611620171017236,0.03266731155512529,19.55755102040817,113,0,Normal,Normal,Normal,Normal
10.176375000000002,130.086,49.622438055877254,99.57951300091801,119.909625,0.07822805081038307,378.73,421.63,1122.099,132.21667296146882,22.448521458745972,0.044546323139705774,14.663673469387755,114,1,Early,Early,Early,Early
127.06099999999998,4.693975000000001,81.34435405423046,24.28717305388536,122.36702499999998,27.068897748927608,367.29,275.66,1054.0398,115.8672617349698,30.617868588108102,0.032660644892903316,12.663469387755104,115,2,Mild,Mild,Mild,Normal
29.686525000000003,107.597325,82.24261521969237,93.82414245861443,77.9108,0.2759039059842886,439.67,455.18,1098.2708,142.16768030519452,42.85626823942351,0.02333379841247704,23.939591836734692,116,1,Early,Early,Early,Normal
70.774,70.0271,98.81338725850866,107.76731931615447,0.7468999999999966,1.0106657264593668,391.93,382.25,1126.4088000000002,143.62012972616338,26.53007081488122,0.037693047928424823,20.619387755102043,117,0,Normal,Normal,Normal,Normal
84.9123,45.155275,86.1313672694797,88.34096027848221,39.757025,1.8804509815406987,329.78,410.08,1040.5406,166.0983874504506,38.78263354493693,0.02578472327119821,22.808163265306106,118,0,Normal,Normal,Normal,Normal
14.363800000000001,125.25314999999999,55.68973266734182,95.92533508973268,110.88935,0.11467814464720892,360.36,449.57,1116.9356,137.96423288896293,22.448521458745972,0.044546323139705774,16.37428571428572,119,1,Early,Early,Early,Early
125.10904999999998,1.9874249999999998,84.40243257808096,11.84869172606727,123.12162499999998,62.95000842794858,357.61,144.98,1016.7718000000002,74.1098691859593,30.611620171017236,0.03266731155512529,8.160204081632644,120,2,Mild,Mild,Mild,Mild
23.67035,114.47810000000001,70.08359074260892,88.94343129422205,90.80775000000001,0.20676747720590422,381.7,410.08,1105.1876000000002,131.99142221462725,40.823824784144136,0.02449548775225606,23.997959183673473,121,1,Early,Early,Early,Early
77.39985,63.127349999999986,100.56430638639884,106.44667812561131,14.272500000000015,1.2260903988381586,384.01,435.16,1124.2176000000002,122.2421964717585,26.53007081488122,0.037693047928424823,18.787551020408163,122,0,Normal,Normal,Normal,Normal
80.98365000000001,54.04217500000001,92.94869423062111,95.99519198126215,26.941475000000004,1.4985265677174229,410.63,452.54,1080.2066,167.02025371325476,40.81549356135572,0.024500487749756227,25.28877551020409,123,0,Normal,Normal,Normal,Normal
14.141875,124.609925,53.75458207199062,97.79517995915941,110.46805,0.11348914514721478,349.8,362.56,1110.0143999999998,120.56347450467742,38.78263354493693,0.02578472327119821,13.177551020408151,124,1,Early,Early,Early,Early
124.0866,1.92335,93.72118690797721,11.158755767445578,122.16325,64.5155353132019,438.79,116.05,1008.0795999999999,65.14911287070606,36.73394420522069,0.027222762654020464,6.577551020408169,125,2,Mild,Mild,Mild,Mild
17.6418,120.20442499999999,65.50552788704171,90.54576441043156,102.56262499999998,0.14676496753218798,446.93,423.28,1102.7697999999998,130.23500287541748,40.81549356135631,0.02450048774975587,24.916122448979593,126,1,Early,Early,Early,Early
89.566125,47.46059999999999,86.14691249681775,104.15479800585281,42.10552500000001,1.8871675901342189,326.37,480.59,1096.2138,130.84021491712707,46.947398501765754,0.021300425521554065,19.743877551020415,127,0,Normal,Normal,Normal,Normal
63.701274999999995,67.1836,88.21372634757232,94.7363881728663,3.482325000000003,0.9481668966582771,346.17,418.0,1047.079,144.4887685081439,44.8970429174913,0.022273171694012956,23.74204081632652,128,0,Normal,Normal,Normal,Normal
36.601125,101.1736,88.05511704883693,109.87745677362578,64.572475,0.3617655335220321,405.46,441.1,1102.1978,121.95998086733205,32.652394849085056,0.03062560585899602,20.34775510204081,129,1,Early,Early,Early,Normal
114.53172500000001,12.283150000000001,84.84902379387977,56.221870327102245,102.248575,9.3242882938918,355.08,428.67,1014.5189999999999,159.8202204509805,24.494294870486836,0.04082579931183321,23.039387755102048,130,0,Normal,Normal,Normal,Normal
2.124925,131.254475,12.27854850926505,88.2552648215639,129.12955000000002,0.016189351548634698,166.87,425.81,1067.0352,81.46824702275116,53.06014162976321,0.018846531212872414,11.29183673469388,131,3,Severe,Severe,Severe,Early
107.41445,27.046800000000005,88.51961087068504,80.1559592124004,80.36765,3.9714276840780847,373.45,443.85,1075.6899999999998,147.38005253086322,42.86501602335196,0.023329036509982214,17.815510204081644,132,0,Normal,Normal,Normal,Normal
45.179475000000004,86.6525,85.57455712403292,100.92062703060263,41.473025,0.5213868011440177,336.71,436.59,1054.6557999999998,159.94569552307433,40.81549356135631,0.02450048774975587,23.27061224489797,133,0,Normal,Normal,Normal,Normal
50.6462,87.396925,93.39964028335442,112.81016627190287,36.750724999999996,0.5794962946927144,378.73,466.51,1104.3449999999998,73.7927955358787,46.937817595559764,0.021304773345750497,17.595510204081634,134,1,Early,Normal,Normal,Normal
95.32709999999999,29.487975000000002,89.58039783953853,82.17596858966358,65.83912499999998,3.232743776829783,355.63,460.57,998.5205999999998,174.86485348874427,24.494294870486126,0.04082579931183439,22.294081632653043,135,0,Normal,Normal,Normal,Normal
4.434374999999999,132.497475,29.870968340671098,96.48843386838847,128.06310000000002,0.03346761638532232,316.14,423.71999999999997,1095.4548000000002,101.81466287799613,48.978592273626155,0.0204170748262192,16.80979591836734,136,1,Early,Early,Early,Early
120.92712499999998,8.316275000000001,82.46214754652206,38.00260165270762,112.61084999999997,14.541002983904468,355.08,361.57,1033.9472,155.62290769729245,34.69316952715186,0.02882410069170601,12.400816326530611,137,0,Normal,Normal,Normal,Normal
28.006000000000004,106.61805,72.62896422227153,94.64284169284807,78.61205,0.2626759481461209,320.76,439.23,1076.9924,136.27694561531675,44.9062072625579,0.02226862624153379,23.90816326530612,138,1,Early,Early,Early,Early
74.34955,66.75569999999999,92.32924428260799,105.37183856235025,7.593850000000003,1.1137556622497162,352.44,414.59,1128.8419999999999,141.69383643616968,28.570845492948592,0.03500068928522259,21.2030612244898,139,0,Normal,Normal,Normal,Normal
79.6642,48.213274999999996,89.3683392754951,97.15631085279213,31.450924999999998,1.6523288135210035,314.16,444.62,1023.0198000000001,159.48839069336674,38.77471888328738,0.025789986426323415,21.432040816326538,140,0,Normal,Normal,Normal,Normal
13.213199999999999,125.73137500000001,51.859296203863,99.86039538205011,112.51817500000001,0.10509070587268245,352.44,417.56,1111.5566,122.66813220408957,20.411912392071773,0.04899095100904957,17.146530612244895,141,1,Early,Early,Early,Early
123.99557499999999,2.3331,81.15024971723362,13.247432898112752,121.66247499999999,53.14604755026552,342.76,159.5,1010.6294,74.18329279318895,30.611620171017236,0.03266731155512529,8.694489795918376,142,2,Mild,Mild,Mild,Mild
23.582075,112.43375,67.99621160362081,91.73159987396654,88.851675,0.20974194049901024,348.59,418.0,1088.1266,120.8653138598498,44.897042917491945,0.022273171694012633,23.293061224489794,143,1,Early,Early,Early,Early
81.17559999999999,57.30174999999999,93.48513447944545,104.60886728159092,23.873849999999997,1.416633625215002,360.36,417.56,1107.8188,133.29828473975203,40.823824784144726,0.024495487752255702,19.94591836734696,144,0,Normal,Normal,Normal,Normal
74.95757499999999,57.412575,92.69145450293341,91.98650985943196,17.544999999999995,1.3055948447539854,408.21,412.72,1058.9612000000002,149.6980940511936,46.937817595559764,0.021304773345750497,22.664489795918353,145,0,Normal,Normal,Normal,Normal
18.906525000000002,120.67907500000001,60.65825377204965,102.84367043427795,101.77255000000001,0.15666778547417723,363.0,432.19,1116.6848,110.58544045650854,28.57084549294942,0.03500068928522158,14.998163265306115,146,1,Early,Early,Early,Early
123.21952499999999,0.947925,86.70529184268037,5.822301344346151,122.27159999999999,129.9873145310596,424.16,71.28,993.3395999999999,55.43318027896291,26.535486109693302,0.037685355626649965,7.217346938775514,147,2,Mild,Mild,Mild,Mild
15.85925,124.3066,61.42838530302991,86.82369970198229,108.44735,0.12758171106106103,439.67,410.08,1121.3268,136.03251950088992,40.81549356135513,0.02450048774975658,20.664285714285718,148,1,Early,Early,Early,Early
91.837625,47.41907499999999,96.76779932193031,101.07798520891865,44.41855000000001,1.9367228406031034,368.17,443.85,1114.0536000000002,127.8666109781596,30.611620171016348,0.03266731155512624,20.103061224489796,149,0,Normal,Normal,Normal,Normal
71.133975,64.545525,95.25409050770142,93.5657076055345,6.588450000000009,1.1020742953017588,429.99,402.05,1085.4360000000001,149.39899363784215,42.86501602335072,0.02332903650998289,23.459183673469383,150,0,Normal,Normal,Normal,Normal
24.083125,115.92817500000001,68.35525980116215,101.58025154241041,91.84505000000001,0.2077417583998231,360.36,394.02,1120.0904,111.69292265779423,28.570845492948592,0.03500068928522259,15.66714285714287,151,1,Early,Early,Early,Early
124.24005,0.36300000000000004,82.9535547128482,2.7694015599042334,123.87705,342.2496625437315,363.33000000000004,33.88,996.8243999999999,70.74433775674206,65.31811965462967,0.01530968271572433,7.026530612244904,152,2,Mild,Mild,Mild,Mild
17.7551,121.46035,57.05551623191223,89.96951515028577,103.70525,0.1461802023310321,332.09,431.31,1113.7236,100.419007976777,42.85626823942413,0.023333798412476705,19.840408163265316,153,1,Early,Early,Early,Early
79.04875,61.920649999999995,101.86472296353385,103.74603116060634,17.128100000000003,1.2766134921688497,394.68,399.85,1127.7551999999998,131.6507673238557,30.611620171017236,0.03266731155512529,22.087551020408167,154,0,Normal,Normal,Normal,Normal
120.51737500000002,14.4683,84.25742927397782,53.36276177363762,106.04907500000002,8.329747911124382,347.04999999999995,341.77,1079.8854,76.3031934642319,46.947398501766436,0.021300425521553756,14.149591836734716,155,0,Normal,Normal,Normal,Normal
34.203125,106.87902500000001,43.55755806957473,99.81534854820363,72.67590000000001,0.32001715771479405,235.84,339.02,1128.6571999999999,81.47518815050383,40.81549356135631,0.02450048774975587,7.7022448979591625,156,1,Early,Early,Severe,Early
83.76004999999999,57.685375000000015,110.55281689309187,98.17797348875852,26.074674999999978,1.4520150987984213,475.09,354.09,1131.5634,95.93992763411907,38.7747188832885,0.025789986426322666,18.96714285714286,157,0,Normal,Normal,Normal,Normal
87.394725,56.7061,113.90509534004339,80.6185576048716,30.688624999999995,1.541187096064251,480.92,326.7,1152.8066000000001,86.86986427087358,30.617868588108546,0.032660644892902845,14.178775510204067,158,0,Normal,Normal,Normal,Normal
25.773825,119.8791,62.79915346260151,100.72484573922166,94.10527499999999,0.2149984680400113,355.08,356.95,1165.2233999999999,91.15950648418408,26.530070814881604,0.037693047928424275,14.028367346938769,159,1,Early,Early,Early,Early
121.33990000000001,0.29205000000000003,89.25277288964192,2.501637922941687,121.04785000000001,415.4622337875779,372.23999999999995,38.06,973.0556000000001,68.37530616121583,53.06014162976321,0.018846531212872414,5.9848979591836615,160,2,Mild,Mild,Mild,Mild
13.968899999999998,122.017225,49.73390987837171,100.5977347013807,108.048325,0.11448300725713051,302.72,463.21,1087.8890000000001,120.7844905813656,36.74144230572919,0.027217207101551934,26.328163265306117,161,1,Early,Early,Early,Early
97.43469999999999,39.028825000000005,88.78800485375262,92.88176261446255,58.40587499999999,2.4964798462470115,376.09,443.85,1091.7082,184.13487433606923,38.77471888328738,0.025789986426323415,25.735510204081635,162,0,Normal,Normal,Normal,Normal
54.572925,77.8228,87.2189686948566,96.79554237236341,23.249875000000003,0.701245881509547,341.44,426.03,1059.1658,157.552683646963,44.897042917490644,0.022273171694013282,23.79816326530613,163,0,Normal,Normal,Normal,Normal
48.581224999999996,92.26497499999999,89.49678032895584,103.46108144369734,43.683749999999996,0.5265402145786942,370.81,405.79,1126.7696000000003,146.72975456886718,24.494294870486126,0.04082579931183439,23.784693877551017,164,1,Early,Early,Early,Normal
101.880625,20.309025000000002,83.52664357771941,71.56588830441059,81.57159999999999,5.016517279132169,306.02,465.85,977.5172,162.5507829823037,22.448521458745972,0.044546323139705774,21.860816326530603,165,0,Normal,Normal,Normal,Normal
0.57365,133.67805,4.01711472048036,93.74764407278458,133.10440000000003,0.004291280109840014,60.17,436.70000000000005,1074.0135999999998,70.4510749601452,57.14169098589884,0.017500350892731643,9.401632653061212,166,3,Severe,Severe,Severe,Severe
116.26615,16.96145,85.85461762583013,62.25392220091437,99.3047,6.854725359727288,368.17,443.85,1065.8208000000002,158.10956755161908,40.823824784144726,0.024495487752255702,16.91755102040816,167,0,Normal,Normal,Normal,Normal
34.89255,98.883125,80.4611452441332,97.32217619065234,63.99057500000001,0.35286654291452224,362.78,476.52,1070.2054,145.7015089312393,42.85626823942413,0.023333798412476705,23.89918367346939,168,1,Early,Early,Early,Normal
66.611875,72.115725,98.39768116543385,108.04095624333569,5.50385,0.9236801788125711,386.65,399.85,1109.8208,125.54800361359793,28.57084549294942,0.03500068928522158,19.69897959183674,169,0,Normal,Normal,Normal,Normal
90.93369999999999,38.3251,85.28595575362921,88.38894073915583,52.60859999999999,2.372692472376465,300.41,404.69,1034.0704,130.52734928680658,34.700251066523016,0.02881821834222401,18.765102040816338,170,0,Normal,Normal,Normal,Normal
10.801449999999999,127.557375,49.32217689232198,100.89066290970328,116.75592499999999,0.08467914264626858,355.08,463.65,1106.8706,129.95689048926954,26.530070814881604,0.037693047928424275,15.202448979591834,171,1,Early,Early,Early,Early
122.123925,3.1652500000000003,83.69894869318476,18.927407361746617,118.958675,38.58258879207395,360.36,244.53,1002.3134,91.2408337228458,34.700251066522014,0.028818218342224845,10.800204081632652,172,2,Mild,Mild,Mild,Normal
21.16125,115.43565000000001,62.682255586708905,95.69129397483086,94.27440000000001,0.18331640326741316,304.92,410.08,1092.7751999999998,112.61569949594059,42.85626823942289,0.02333379841247738,21.308571428571415,173,1,Early,Early,Early,Early
79.556675,59.878499999999995,97.10414928155426,105.06753619339325,19.678175000000003,1.3286348474602991,368.17,435.16,1115.4814,127.3802542156358,36.73394420521962,0.027222762654021255,19.09510204081633,174,0,Normal,Normal,Normal,Normal
77.663575,54.06445000000001,88.45234037587348,92.80984545670518,23.599124999999987,1.4364995969625884,334.4,402.05,1053.8242,123.51716036389435,48.98858974097225,0.020412908161288507,19.698979591836736,175,0,Normal,Normal,Normal,Normal
23.5202,115.32674999999999,70.09384475444331,99.04583246375135,91.80654999999999,0.20394399357096307,363.0,382.25,1110.7756,133.20513476829635,26.530070814880837,0.03769304792842537,18.356530612244885,176,1,Early,Early,Early,Early
121.62150000000001,1.371975,78.76804583554171,14.296286697928766,120.249525,88.64637732919822,348.59,265.87,983.9478,75.40552068091566,32.652394849084104,0.03062560585899691,11.69591836734695,177,2,Mild,Mild,Mild,Normal
11.620125,124.420725,44.40972826683783,91.49050070211865,112.8006,0.09339379806750056,298.21,399.41,1088.3268,99.34404353437603,38.78263354493637,0.025784723271198583,15.13061224489796,178,1,Early,Early,Early,Early
89.2353,46.82205,96.66461170154257,96.24200744372231,42.41325,1.9058388289622454,381.37,367.51,1088.4588,148.21675093780732,26.530070814881604,0.037693047928424275,22.54775510204081,179,0,Normal,Normal,Normal,Normal
68.10402500000001,63.20297500000001,86.52960794461845,98.10989629695557,4.901049999999998,1.0775444387634538,309.54,386.32,1050.4560000000001,137.24135353456697,46.937817595559764,0.021304773345750497,21.993265306122428,180,0,Normal,Normal,Normal,Normal
38.956500000000005,102.548325,84.57727162039457,102.81398141033337,63.591825,0.3798842760343208,368.17,443.85,1132.0386,140.33520610324413,30.617868588108546,0.032660644892902845,20.28938775510204,181,1,Early,Early,Early,Normal
114.17559999999999,12.2804,84.48367220143784,50.59991156948795,101.89519999999999,9.297376879110713,343.86,366.52,1011.648,127.44183007160561,26.530070814881604,0.037693047928424275,20.751836734693885,182,0,Normal,Normal,Normal,Normal
1.9101500000000002,131.692825,11.074969005712838,94.83683695573875,129.782675,0.014504585613940198,150.7,336.71000000000004,1068.8238000000001,67.33603468841925,59.18246566396666,0.016896890725209918,10.4365306122449,183,3,Severe,Severe,Severe,Early
109.441475,26.955225,88.38221001465382,75.64923693567157,82.48625,4.060119490703754,368.17,361.57,1091.1736,131.38060262854637,46.94739850176508,0.021300425521554374,16.331632653061234,184,0,Normal,Normal,Normal,Normal
43.789899999999996,91.5255,85.37649039103212,91.4722123885172,47.7356,0.4784447527252238,400.95,394.13,1082.5232,141.34047486038807,44.897042917490644,0.022273171694013282,23.944081632653067,185,0,Normal,Normal,Early,Normal
61.6671,77.344025,95.06249436865204,110.08576525849912,15.676925000000004,0.7973090620369108,384.01,411.62,1112.0890000000002,116.06780768585234,26.530070814880837,0.03769304792842537,22.785714285714278,186,0,Normal,Normal,Normal,Normal
90.12547500000001,39.9388,90.62959569188409,88.38071685079274,50.18667500000001,2.256588891857319,384.01,423.28,1040.5142,153.42915502719814,34.700251066522014,0.028818218342224845,20.43530612244898,187,0,Normal,Normal,Normal,Normal
11.061325000000002,125.33647500000001,49.02768631594168,96.66132059838813,114.27515000000001,0.08825303342438558,368.17,423.39,1091.1824000000001,126.33527987953326,22.448521458745322,0.044546323139707064,15.323673469387762,188,1,Early,Early,Early,Early
124.24252499999999,3.0382,88.33750170156712,17.636484109935285,121.20432499999998,40.8933302832918,366.19,221.98,1018.2458,108.07980751444738,28.570845492948592,0.03500068928522259,12.005714285714278,189,2,Mild,Mild,Mild,Mild
19.921000000000003,117.1258,61.99663528773155,91.55677628040428,97.20479999999999,0.17008206816243152,327.58,418.0,1096.3744,132.32945129728301,42.86501602335072,0.02332903650998289,24.983469387755108,190,1,Early,Early,Early,Early
89.6071,47.63275000000001,90.16395122270319,97.27372920751779,41.974349999999994,1.8812073875206892,349.8,414.59,1097.9188,169.18112694553136,40.81549356135631,0.02450048774975587,23.443469387755087,191,0,Normal,Normal,Normal,Normal
59.62494999999999,71.71505,87.97285007885957,94.51515534028127,12.090100000000014,0.8314146289496235,339.13,396.77,1050.7200000000003,146.57113942383066,44.9062072625592,0.022268626241533144,22.332244897959193,192,0,Normal,Normal,Normal,Normal
40.5229,100.75119999999998,87.73305534740028,103.11243245874863,60.22829999999998,0.40220757646483857,368.17,435.16,1130.1928,134.16950172136734,28.57084549294942,0.03500068928522158,19.76183673469388,193,1,Early,Early,Early,Normal
114.40275,9.566975,86.86287329139822,49.8938430880943,104.835775,11.958077701595645,336.71,418.0,991.7578,118.66944685621483,26.530070814881604,0.037693047928424275,17.7234693877551,194,0,Normal,Normal,Normal,Normal
2.3916749999999998,132.445775,13.514728297097761,93.75033544952987,130.0541,0.018057766051218616,158.84,400.29,1078.6996,75.98494184929011,48.98858974097367,0.020412908161287914,10.867551020408163,195,3,Severe,Severe,Severe,Early
108.60079999999999,27.09575,89.2243413416989,78.17842040446648,81.50505,4.008036681753898,368.17,417.56,1085.5724000000002,135.00204117805035,42.85626823942413,0.023333798412476705,17.24081632653062,196,0,Normal,Normal,Normal,Normal
46.794825,87.384275,91.11236098339991,94.32456067204541,40.58945,0.535506183978046,415.47,428.67,1073.4328,157.38711009533148,40.81549356135631,0.02450048774975587,26.435918367346932,197,0,Normal,Normal,Normal,Normal
55.65835,86.78890000000001,94.83055659057106,107.50951701263475,31.130550000000014,0.6413071670101628,365.64,446.71,1139.578,135.85404010186815,28.576677348900482,0.03499354643318153,19.27020408163266,198,1,Early,Early,Normal,Normal
104.66225,25.819200000000002,87.46484973369301,73.10282303960633,78.84305,4.053658109601339,311.08,423.28,1043.8516,139.50198639962085,24.489296136813078,0.04083413263822356,23.706122448979603,199,0,Normal,Normal,Normal,Normal
3.5070750000000004,128.187125,28.96931578747374,100.0471294415006,124.68005000000001,0.027359024757047577,368.17,402.82,1053.5536,70.88180665756198,42.85626823942289,0.02333379841247738,16.407959183673466,200,1,Early,Early,Early,Early
127.331875,7.25505,87.64603729624275,35.271729926351775,120.076825,17.550768015702147,424.27,349.8,1076.6954,159.21928941193025,28.576677348900482,0.03499354643318153,16.960204081632654,201,0,Normal,Normal,Normal,Normal
38.160375,96.613,91.46594487353956,100.55036582230818,58.452625,0.39498174210698955,472.56,371.69,1078.1870000000001,119.59072161752347,46.937817595559764,0.021304773345750497,20.888775510204077,202,0,Normal,Early,Early,Normal
56.78255000000001,83.7551,96.1881622082338,115.36774497445116,26.97254999999999,0.6779592313830166,384.01,389.51,1124.3012,137.06282472851638,28.57084549294942,0.03500068928522158,22.4130612244898,203,0,Normal,Normal,Normal,Normal
118.68285,8.866825,75.71302962751854,39.70047950805348,109.816025,13.385029720300423,290.62,290.84,1020.3974,96.42004583715983,40.823824784144726,0.024495487752255702,13.859999999999996,204,2,Mild,Mild,Mild,Normal
12.446225,120.34,36.36527227313684,89.82703351719903,107.893775,0.10342549414779008,235.95,311.74,1062.2897999999998,50.890673192246126,42.85626823942413,0.023333798412476705,11.318775510204082,205,3,Severe,Severe,Severe,Early
107.37182499999999,31.548275000000004,99.69887219482162,76.4584436950843,75.82354999999998,3.4034124200412155,381.37,311.74,1111.3608,56.83561530730532,55.10091630783103,0.018148511796847292,9.789999999999987,206,0,Normal,Normal,Normal,Normal
37.6541,107.69605,61.04932006738486,88.95656316651122,70.04195,0.34963303207192536,295.68,290.84,1162.8012,106.54388728857231,28.57667734890131,0.03499354643318052,17.16448979591838,207,1,Early,Early,Early,Early
60.990874999999996,86.63435,90.59983499976352,95.85783255205337,25.643475000000002,0.7040032961517808,368.17,346.83,1181.0017999999998,143.4564145193933,28.57084549294942,0.03500068928522158,19.25,208,1,Normal,Early,Normal,Normal
111.34419999999999,14.933325,89.43448997092788,58.87085196592942,96.41087499999999,7.4560839892763395,341.11,399.41,1010.2202000000001,119.66238998933623,44.897042917491945,0.022273171694012633,19.337551020408167,209,0,Normal,Normal,Normal,Normal
1.7148999999999999,127.49715,8.648201748918673,100.84397755135157,125.78225,0.013450495681629298,82.17,412.83,1033.6964,27.165275022351608,46.94739850176508,0.021300425521554374,6.5797959183673305,210,3,Severe,Severe,Severe,Severe
116.35002499999999,16.846225,89.2423297502333,60.33017371928722,99.50379999999998,6.906589217115871,402.71,414.59,1065.57,190.90140713991607,36.73394420521962,0.027222762654021255,20.891020408163257,211,0,Normal,Normal,Normal,Normal
37.456375,92.89389999999999,79.1241595444108,102.21655254551486,55.43752499999999,0.40321669095422946,324.28,455.18,1042.8022,132.34603999047349,44.9062072625579,0.02226862624153379,22.300816326530608,212,0,Normal,Normal,Early,Normal
71.2745,70.50505,100.97582563539652,104.98812134473833,0.7694500000000062,1.0109132592752919,391.93,417.56,1134.2364,141.08434743457545,34.69316952715287,0.028824100691705174,19.8830612244898,213,0,Normal,Normal,Normal,Normal
84.09032499999999,46.867700000000006,88.42631585757927,92.9585591094763,37.22262499999999,1.7942059682455143,362.78,447.26,1047.6642,156.51196806749317,40.81549356135631,0.02450048774975587,23.1404081632653,214,0,Normal,Normal,Normal,Normal
16.234624999999998,121.97789999999999,58.25010894289706,94.82183488305846,105.743275,0.13309479560684387,373.45,382.25,1105.7002,145.47322907655553,20.411912392072363,0.04899095100904815,17.31489795918366,215,1,Early,Early,Early,Early
121.9658,1.254825,84.07888598132114,7.818792296088636,120.710975,97.19668322926918,361.78999999999996,91.74,985.7650000000001,90.7887843789088,34.69316952715287,0.028824100691705174,8.335306122448978,216,2,Mild,Mild,Mild,Mild
16.143325,118.868475,53.586521586070276,94.0418728355852,102.72515,0.1358082842563359,299.97,436.59,1080.0944,109.56142239237313,42.85626823942413,0.023333798412476705,23.360408163265298,217,1,Early,Early,Early,Early
95.78057500000001,43.825925,93.25919405570356,96.241232172829,51.954650000000015,2.1854770468673403,360.36,443.85,1116.8519999999999,162.05521962590404,40.823824784144726,0.024495487752255702,20.722653061224477,218,0,Normal,Normal,Normal,Normal
61.97729999999999,71.23819999999999,89.14176679149902,97.26010655587417,9.2609,0.8700008043436239,369.82,412.72,1065.724,139.6668453570854,42.85626823942413,0.023333798412476705,23.108979591836757,219,0,Normal,Normal,Normal,Normal
43.28719999999999,97.70227500000001,89.31812846315131,104.62229831194865,54.41507500000002,0.4430520739612178,381.37,449.57,1127.9158,116.02950230161294,36.73394420522069,0.027222762654020464,16.161020408163257,220,1,Early,Early,Early,Normal
114.20227499999999,15.535300000000001,92.45385461177038,58.19170737665289,98.66697499999998,7.351142333175198,365.64,394.13,1037.9006,133.10495483504738,22.45310363127895,0.04453723223888031,21.423061224489807,221,0,Normal,Normal,Normal,Normal
1.3989250000000002,131.13567500000002,7.644602481121892,88.90074287116151,129.73675000000003,0.010667767511185075,94.49,372.13,1060.2768,58.04853164172199,55.10091630782943,0.01814851179684782,8.133265306122453,222,3,Severe,Severe,Severe,Early
111.832875,22.896225,83.66607220961419,68.74900081818916,88.93665,4.884334695202071,349.8,379.28,1077.8328,177.46679366056063,32.652394849084104,0.03062560585899691,18.717959183673464,223,0,Normal,Normal,Normal,Normal
37.131325,94.72595,82.24532811348237,95.21035299061495,57.594625,0.39198679010484555,355.63,441.87,1054.8582,157.1025297274363,42.86501602335072,0.02332903650998289,26.59530612244897,224,0,Normal,Normal,Early,Normal
68.506625,71.827525,98.87464330585155,108.21895357849463,3.3208999999999946,0.953765502324422,381.37,455.18,1122.6732000000002,141.80529444897323,30.611620171016348,0.03266731155512624,20.989795918367356,225,0,Normal,Normal,Normal,Normal
87.40737499999999,39.25927500000001,86.42178036154644,87.32703891822037,48.14809999999998,2.226412809097261,308.11,404.69,1013.3332,145.96743464814335,34.69316952715186,0.02882410069170601,19.227551020408164,226,0,Normal,Normal,Normal,Normal
9.709975,126.26075,44.61866086347029,94.25312814669601,116.550775,0.07690413870469337,331.54,388.08,1087.7658,122.50158144432258,20.411912392071773,0.04899095100904957,15.063265306122442,227,1,Early,Early,Early,Early
119.764975,4.323825,84.10686072788222,22.63650681132968,115.44115000000001,27.69878475936293,361.23999999999995,250.14,992.7103999999999,117.91372564650817,36.73394420522069,0.027222762654020464,11.612857142857145,228,2,Mild,Mild,Mild,Normal
17.475975000000002,118.14715,61.07544891811582,91.10294371960491,100.67117499999999,0.1479170129861776,374.55,436.59,1084.985,138.86315521764584,38.7747188832885,0.025789986426322666,28.42265306122449,229,1,Early,Early,Early,Early
91.217775,47.079449999999994,90.05162974815822,98.19962674164042,44.13832500000001,1.9375280642556225,349.8,420.42,1106.3778,153.5504708203788,32.65905982731578,0.03061935586290206,19.923469387755098,230,0,Normal,Normal,Normal,Normal
64.57165,65.0342,87.35168808773818,98.22919603590371,0.46254999999999313,0.9928874357049928,332.09,423.28,1036.8468,142.63348353651045,44.897042917491945,0.022273171694012633,21.7261224489796,231,0,Normal,Normal,Normal,Normal
35.685925000000005,103.87849999999999,80.34337862664462,100.33466695140818,68.19257499999998,0.3435352028056622,352.44,441.1,1116.5154,129.6222114795146,26.535486109693302,0.037685355626649965,19.299387755102046,232,1,Early,Early,Early,Early
115.71807500000001,12.257850000000001,85.69274799272326,53.988020818302836,103.46022500000001,9.440316254223822,391.27,396.77,1023.8073999999998,148.3997759137122,28.570845492948592,0.03500068928522259,19.014285714285716,233,0,Normal,Normal,Normal,Normal
2.5795,128.920275,15.056467738151605,89.61510886939978,126.34077500000001,0.020008488190977856,208.23,336.15999999999997,1051.9982,70.7938392429737,55.10091630782943,0.01814851179684782,10.167142857142853,234,3,Severe,Severe,Severe,Early
107.6339,26.411275,92.0614437117407,73.87210477321176,81.222625,4.075299630442063,394.68,340.89,1072.3614,152.02885356418363,40.82382478414355,0.024495487752256413,19.23204081632652,235,0,Normal,Normal,Normal,Normal
43.39747499999999,88.512325,85.44130170985446,98.58851332606844,45.11485000000001,0.49029861205220704,346.17,444.62,1055.2784000000001,166.43138304250195,42.85626823942289,0.02333379841247738,25.677142857142854,236,0,Normal,Normal,Normal,Normal
67.80619999999999,73.68542500000001,89.68003533429277,104.99950160271894,5.8792250000000195,0.9202117080532941,344.63,420.42,1131.933,156.46830319588693,26.530070814880837,0.03769304792842537,25.124897959183663,237,0,Normal,Normal,Normal,Normal
86.50317500000001,39.22875,87.07286457140006,92.72507918808967,47.274425000000015,2.2050958276529773,308.11,452.54,1005.8553999999999,163.98616863882148,32.659059827314834,0.030619355862902948,20.237755102040815,238,0,Normal,Normal,Normal,Normal
12.026299999999999,125.3758,50.609367796980045,98.6188469556403,113.3495,0.09592201238819513,347.27,394.02,1099.2168000000001,129.73178513286555,24.48929613681379,0.04083413263822238,15.55714285714286,239,1,Early,Early,Early,Early
124.402575,2.5294499999999998,83.90053904546367,15.095372973116628,121.873125,49.181475492792934,359.81,183.15,1015.4562,104.374235056167,30.611620171017236,0.03266731155512529,11.251428571428566,240,2,Mild,Mild,Mild,Mild
19.341025,117.12745000000001,64.84790226907401,85.94765604132262,97.78642500000001,0.16512801524083248,376.97,396.77,1091.7478,123.50232840379975,40.823824784144726,0.024495487752255702,23.162857142857142,241,1,Early,Early,Early,Early
